{"path":"D:\\DevSpikes\\GitHub-Issues-Labeler-eShopOnContainers\\ML Model Builder\\Projects\\NetFxGitHubLabelerModel_v1","name":"NetFxGitHubLabelerModel_v1","experiments":[{"Inputs":{"TrainFile":"D:\\DevSpikes\\GitHub-Issues-Labeler-eShopOnContainers\\ML Model Builder\\Datasets\\corefx-issues-train.tsv"},"Outputs":{},"Nodes":[{"Name":"Data.CustomTextLoader","Inputs":{"InputFile":"$TrainFile","CustomSchema":" sep=tab header+ col=ID:R4:0  col=Area:TX:1  col=Title:TX:2  col=Description:TX:3 "},"Outputs":{"Data":"$TrainDataView"}},{"Name":"Transforms.TrainTestDatasetSplitter","Inputs":{"Data":"$TrainDataView","Fraction":0.8},"Outputs":{"TrainData":"$TrainDataView","TestData":"$TestDataView"}},{"Name":"Transforms.TextToKeyConverter","Inputs":{"Column":[{"Name":"Label","Source":"Area"}],"Data":"$TrainDataView"},"Outputs":{"OutputData":"$TextToKeyConverter_DataView_Output_1530468537873_310","Model":"$TextToKeyConverter_TransformModel_Output_1530468537873_545"}},{"Name":"Transforms.TextFeaturizer","Inputs":{"Column":{"Name":"Title","Source":["Title"]},"Data":"$TextToKeyConverter_DataView_Output_1530468537873_310","WordFeatureExtractor":{"Name":"NGram","Settings":{"NgramLength":2,"SkipLength":0,"AllLengths":true,"MaxNumTerms":[10000000],"Weighting":"Tf"}},"CharFeatureExtractor":{"Name":"NGram","Settings":{"NgramLength":3,"SkipLength":0,"AllLengths":true,"MaxNumTerms":[10000000],"Weighting":"Tf"}}},"Outputs":{"OutputData":"$Text_DataView_Output_1530468537875_275","Model":"$Text_TransformModel_Output_1530468537875_509"}},{"Name":"Transforms.TextFeaturizer","Inputs":{"Column":{"Name":"Description","Source":["Description"]},"Data":"$Text_DataView_Output_1530468537875_275","WordFeatureExtractor":{"Name":"NGram","Settings":{"NgramLength":1,"SkipLength":0,"AllLengths":true,"Weighting":"Tf"}},"CharFeatureExtractor":{"Name":"NGram","Settings":{"NgramLength":1,"SkipLength":0,"AllLengths":true,"Weighting":"Tf"}}},"Outputs":{"OutputData":"$Text_DataView_Output_1530468537876_506","Model":"$Text_TransformModel_Output_1530468537876_719"}},{"Name":"Transforms.ColumnConcatenator","Inputs":{"Column":[{"Name":"Features","Source":["Title","Description"]}],"Data":"$Text_DataView_Output_1530468537876_506"},"Outputs":{"OutputData":"$Concat_DataView_Output_1530468537876_64","Model":"$Concat_TransformModel_Output_1530468537876_155"}},{"Name":"Trainers.StochasticDualCoordinateAscentClassifier","Inputs":{"L2Const":"0.00001","TrainingData":"$Concat_DataView_Output_1530468537876_64","L1Threshold":"0.25","LossFunction":{"Name":"LogLoss"},"ConvergenceTolerance":"0.01","MaxIterations":10,"Shuffle":"true","BiasLearningRate":"1"},"Outputs":{"PredictorModel":"$sasdcamc_PredictorModel_Output_1530468537876_434"}},{"Name":"Transforms.PredictedLabelColumnOriginalValueConverter","Inputs":{"Data":"$TrainDataView","PredictedLabelColumn":"PredictedLabel"},"Outputs":{"OutputData":"$PredictedLabelColumnOriginalValueConverter_DataView_Output_1530468537876_792","Model":"$PredictedLabelColumnOriginalValueConverter_TransformModel_Output_1530468537876_957"}}]},{"Inputs":{"TrainFile":"D:\\DevSpikes\\GitHub-Issues-Labeler-eShopOnContainers\\ML Model Builder\\Datasets\\corefx-issues-train.tsv"},"Outputs":{"PredictorModel0":"PredictorModel0.zip","Warnings0":"Warnings0.csv","OverallMetrics0":"OverallMetrics0.csv","PerInstanceMetrics0":"PerInstanceMetrics0.csv","ConfusionMatrix0":"ConfusionMatrix0.csv","PredictorModel1":"PredictorModel1.zip","Warnings1":"Warnings1.csv","OverallMetrics1":"OverallMetrics1.csv","PerInstanceMetrics1":"PerInstanceMetrics1.csv","ConfusionMatrix1":"ConfusionMatrix1.csv","PredictorModel2":"PredictorModel2.zip","Warnings2":"Warnings2.csv","OverallMetrics2":"OverallMetrics2.csv","PerInstanceMetrics2":"PerInstanceMetrics2.csv","ConfusionMatrix2":"ConfusionMatrix2.csv"},"Nodes":[{"Name":"Data.CustomTextLoader","Inputs":{"InputFile":"$TrainFile","CustomSchema":" sep=tab header+ col=ID:R4:0  col=Area:TX:1  col=Title:TX:2  col=Description:TX:3 "},"Outputs":{"Data":"$TrainDataView"}},{"Name":"Models.CrossValidator","Inputs":{"Kind":"SignatureMultiClassClassifierTrainer","NumFolds":2,"Data":"$TrainDataView","Nodes":[{"Name":"Transforms.TextToKeyConverter","Inputs":{"Column":[{"Name":"Label","Source":"Area"}],"Data":"$data0"},"Outputs":{"OutputData":"$TextToKeyConverter_DataView_Output_1530468537882_270","Model":"$TextToKeyConverter_TransformModel_Output_1530468537882_398"}},{"Name":"Transforms.ColumnCopier","Inputs":{"Column":[{"Name":"Name","Source":"ID"}],"Data":"$TextToKeyConverter_DataView_Output_1530468537882_270"},"Outputs":{"OutputData":"$Copy_DataView_Output_1530468537882_9","Model":"$Copy_TransformModel_Output_1530468537882_157"}},{"Name":"Transforms.ColumnConcatenator","Inputs":{"Column":[{"Name":"TextConcat","Source":["Title","Description"]}],"Data":"$Copy_DataView_Output_1530468537882_9"},"Outputs":{"OutputData":"$Concat_DataView_Output_1530468537883_458","Model":"$Concat_TransformModel_Output_1530468537883_96"}},{"Name":"Transforms.TextFeaturizer","Inputs":{"Column":{"Name":"FeaturesText","Source":["TextConcat"]},"Data":"$Concat_DataView_Output_1530468537883_458","WordFeatureExtractor":{"Name":"NGram","Settings":{"NgramLength":1,"SkipLength":0,"AllLengths":true,"MaxNumTerms":[10000000],"Weighting":"Tf"}},"CharFeatureExtractor":{"Name":"NGram","Settings":{"NgramLength":3,"SkipLength":0,"AllLengths":true,"MaxNumTerms":[10000000],"Weighting":"Tf"}}},"Outputs":{"OutputData":"$Text_DataView_Output_1530468537883_64","Model":"$Text_TransformModel_Output_1530468537883_520"}},{"Name":"Transforms.ColumnConcatenator","Inputs":{"Column":[{"Name":"Features","Source":["FeaturesText"]}],"Data":"$Text_DataView_Output_1530468537883_64"},"Outputs":{"OutputData":"$Concat_DataView_Output_1530468537883_599","Model":"$Concat_TransformModel_Output_1530468537883_129"}},{"Name":"Trainers.StochasticDualCoordinateAscentClassifier","Inputs":{"TrainingData":"$Concat_DataView_Output_1530468537883_599","LossFunction":{"Name":"LogLoss"}},"Outputs":{"PredictorModel":"$sasdcamc_PredictorModel_Output_1530468537883_988"}},{"Name":"Transforms.ManyHeterogeneousModelCombiner","Inputs":{"TransformModels":["$TextToKeyConverter_TransformModel_Output_1530468537882_398","$Copy_TransformModel_Output_1530468537882_157","$Concat_TransformModel_Output_1530468537883_96","$Text_TransformModel_Output_1530468537883_520","$Concat_TransformModel_Output_1530468537883_129"],"PredictorModel":"$sasdcamc_PredictorModel_Output_1530468537883_988"},"Outputs":{"PredictorModel":"$PredictorModel0"}}],"Inputs":{"Data":"$data0"},"Outputs":{"Model":"$PredictorModel0"}},"Outputs":{"PredictorModel":"$PredictorModel0","Warnings":"$Warnings0","OverallMetrics":"$OverallMetrics0","PerInstanceMetrics":"$PerInstanceMetrics0","ConfusionMatrix":"$ConfusionMatrix0"}},{"Name":"Models.CrossValidator","Inputs":{"Kind":"SignatureMultiClassClassifierTrainer","NumFolds":2,"Data":"$TrainDataView","Nodes":[{"Name":"Transforms.TextToKeyConverter","Inputs":{"Column":[{"Name":"Label","Source":"Area"}],"Data":"$data1"},"Outputs":{"OutputData":"$TextToKeyConverter_DataView_Output_1530468537882_270","Model":"$TextToKeyConverter_TransformModel_Output_1530468537882_398"}},{"Name":"Transforms.ColumnCopier","Inputs":{"Column":[{"Name":"Name","Source":"ID"}],"Data":"$TextToKeyConverter_DataView_Output_1530468537882_270"},"Outputs":{"OutputData":"$Copy_DataView_Output_1530468537882_9","Model":"$Copy_TransformModel_Output_1530468537882_157"}},{"Name":"Transforms.ColumnConcatenator","Inputs":{"Column":[{"Name":"TextConcat","Source":["Title","Description"]}],"Data":"$Copy_DataView_Output_1530468537882_9"},"Outputs":{"OutputData":"$Concat_DataView_Output_1530468537883_458","Model":"$Concat_TransformModel_Output_1530468537883_96"}},{"Name":"Transforms.TextFeaturizer","Inputs":{"Column":{"Name":"FeaturesText","Source":["TextConcat"]},"Data":"$Concat_DataView_Output_1530468537883_458","WordFeatureExtractor":{"Name":"NGram","Settings":{"NgramLength":1,"SkipLength":0,"AllLengths":true,"MaxNumTerms":[10000000],"Weighting":"Tf"}},"CharFeatureExtractor":{"Name":"NGram","Settings":{"NgramLength":3,"SkipLength":0,"AllLengths":true,"MaxNumTerms":[10000000],"Weighting":"Tf"}}},"Outputs":{"OutputData":"$Text_DataView_Output_1530468537883_64","Model":"$Text_TransformModel_Output_1530468537883_520"}},{"Name":"Transforms.ColumnConcatenator","Inputs":{"Column":[{"Name":"Features","Source":["FeaturesText"]}],"Data":"$Text_DataView_Output_1530468537883_64"},"Outputs":{"OutputData":"$Concat_DataView_Output_1530468537883_599","Model":"$Concat_TransformModel_Output_1530468537883_129"}},{"Name":"Trainers.LogisticRegressionClassifier","Inputs":{"TrainingData":"$Concat_DataView_Output_1530468537883_599"},"Outputs":{"PredictorModel":"$mlr_PredictorModel_Output_1530468537884_526"}},{"Name":"Transforms.ManyHeterogeneousModelCombiner","Inputs":{"TransformModels":["$TextToKeyConverter_TransformModel_Output_1530468537882_398","$Copy_TransformModel_Output_1530468537882_157","$Concat_TransformModel_Output_1530468537883_96","$Text_TransformModel_Output_1530468537883_520","$Concat_TransformModel_Output_1530468537883_129"],"PredictorModel":"$mlr_PredictorModel_Output_1530468537884_526"},"Outputs":{"PredictorModel":"$PredictorModel1"}}],"Inputs":{"Data":"$data1"},"Outputs":{"Model":"$PredictorModel1"}},"Outputs":{"PredictorModel":"$PredictorModel1","Warnings":"$Warnings1","OverallMetrics":"$OverallMetrics1","PerInstanceMetrics":"$PerInstanceMetrics1","ConfusionMatrix":"$ConfusionMatrix1"}},{"Name":"Models.CrossValidator","Inputs":{"Kind":"SignatureMultiClassClassifierTrainer","NumFolds":2,"Data":"$TrainDataView","Nodes":[{"Name":"Transforms.TextToKeyConverter","Inputs":{"Column":[{"Name":"Label","Source":"Area"}],"Data":"$data2"},"Outputs":{"OutputData":"$TextToKeyConverter_DataView_Output_1530468537882_270","Model":"$TextToKeyConverter_TransformModel_Output_1530468537882_398"}},{"Name":"Transforms.ColumnCopier","Inputs":{"Column":[{"Name":"Name","Source":"ID"}],"Data":"$TextToKeyConverter_DataView_Output_1530468537882_270"},"Outputs":{"OutputData":"$Copy_DataView_Output_1530468537882_9","Model":"$Copy_TransformModel_Output_1530468537882_157"}},{"Name":"Transforms.ColumnConcatenator","Inputs":{"Column":[{"Name":"TextConcat","Source":["Title","Description"]}],"Data":"$Copy_DataView_Output_1530468537882_9"},"Outputs":{"OutputData":"$Concat_DataView_Output_1530468537883_458","Model":"$Concat_TransformModel_Output_1530468537883_96"}},{"Name":"Transforms.TextFeaturizer","Inputs":{"Column":{"Name":"FeaturesText","Source":["TextConcat"]},"Data":"$Concat_DataView_Output_1530468537883_458","WordFeatureExtractor":{"Name":"NGram","Settings":{"NgramLength":1,"SkipLength":0,"AllLengths":true,"MaxNumTerms":[10000000],"Weighting":"Tf"}},"CharFeatureExtractor":{"Name":"NGram","Settings":{"NgramLength":3,"SkipLength":0,"AllLengths":true,"MaxNumTerms":[10000000],"Weighting":"Tf"}}},"Outputs":{"OutputData":"$Text_DataView_Output_1530468537883_64","Model":"$Text_TransformModel_Output_1530468537883_520"}},{"Name":"Transforms.ColumnConcatenator","Inputs":{"Column":[{"Name":"Features","Source":["FeaturesText"]}],"Data":"$Text_DataView_Output_1530468537883_64"},"Outputs":{"OutputData":"$Concat_DataView_Output_1530468537883_599","Model":"$Concat_TransformModel_Output_1530468537883_129"}},{"Name":"Trainers.NaiveBayesClassifier","Inputs":{"TrainingData":"$Concat_DataView_Output_1530468537883_599"},"Outputs":{"PredictorModel":"$MNB_PredictorModel_Output_1530468537885_628"}},{"Name":"Transforms.ManyHeterogeneousModelCombiner","Inputs":{"TransformModels":["$TextToKeyConverter_TransformModel_Output_1530468537882_398","$Copy_TransformModel_Output_1530468537882_157","$Concat_TransformModel_Output_1530468537883_96","$Text_TransformModel_Output_1530468537883_520","$Concat_TransformModel_Output_1530468537883_129"],"PredictorModel":"$MNB_PredictorModel_Output_1530468537885_628"},"Outputs":{"PredictorModel":"$PredictorModel2"}}],"Inputs":{"Data":"$data2"},"Outputs":{"Model":"$PredictorModel2"}},"Outputs":{"PredictorModel":"$PredictorModel2","Warnings":"$Warnings2","OverallMetrics":"$OverallMetrics2","PerInstanceMetrics":"$PerInstanceMetrics2","ConfusionMatrix":"$ConfusionMatrix2"}}]}],"schemas":[[{"SuggestedName":"ID","ItemKind":"R4","Purpose":"Name","ColumnRangeSelector":"0"},{"SuggestedName":"Area","ItemKind":"TX","Purpose":"Label","ColumnRangeSelector":"1"},{"SuggestedName":"Title","ItemKind":"TX","Purpose":"TextFeature","ColumnRangeSelector":"2"},{"SuggestedName":"Description","ItemKind":"TX","Purpose":"TextFeature","ColumnRangeSelector":"3"}],[{"SuggestedName":"ID","ItemKind":"R4","Purpose":"Name","ColumnRangeSelector":"0"},{"SuggestedName":"Area","ItemKind":"TX","Purpose":"Label","ColumnRangeSelector":"1"},{"SuggestedName":"Title","ItemKind":"TX","Purpose":"TextFeature","ColumnRangeSelector":"2"},{"SuggestedName":"Description","ItemKind":"TX","Purpose":"TextFeature","ColumnRangeSelector":"3"}]]}